 bin,binLen,insCode,cardLen,cardBrand
400052,6,0803050001,18, VIS
621094,6,0805406650,16, CUP
621498,6,0805406650,19, CUP
621452,6,0804341100,18, CUP
623120,6,0805438720,19, CUP
623138,6,0805605128,19, CUP
628389,6,0805605129,16, CUP
623182,6,0805818201,19, CUP
628323,6,0814427901,16, CUP
621399018,9,0815273993,16, CUP
621399021,9,0815277470,16, CUP
62163120,8,0815403088,18, CUP
621656001,9,0815515134,19, CUP
621680009,9,0815563956,16, CUP
621382015,9,0815735040,19, CUP
621278333,9,0815805364,18, CUP
623328,6,0825160344,17, UPI
623339,6,0828260417,16, UPI
623304,6,0829470608,16, UPI
623324,6,0829470608,16, UPI
625800,6,0864233311,16, CUP
625094,6,0863320000,16, UPI
625094,6,00863320000,19, UPI
623518,6,00804922600,19, CUP
623093,6,0805342050,19, CUP
623116,6,0805374610,19, CUP
600100,6,0840032900,19, PRP
412344000000,12,0899999907,16, VIS
625708,6,0801020000,16, CUP
94,2,0899999907,16, VIS
356859,6,0803050001,16, CUP
356857,6,0803050001,16, CUP
407405,6,0803050001,16, CUP
421869,6,0803050001,16, CUP
421870,6,0803050001,16, CUP
421871,6,0803050001,16, CUP
512466,6,0803050001,16, CUP
356856,6,0803050001,16, CUP
528948,6,0803050001,16, CUP
552288,6,0803050001,16, CUP
622600,6,0803050001,16, CUP
622601,6,0803050001,16, CUP
622602,6,0803050001,16, CUP
517636,6,0803050001,16, CUP
622621,6,0803050001,16, CUP
628258,6,0803050001,16, CUP
556610,6,0803050001,16, CUP
622603,6,0803050001,16, CUP
464580,6,0803050001,16, CUP
464581,6,0803050001,16, CUP
523952,6,0803050001,16, CUP
545217,6,0803050001,16, CUP
553161,6,0803050001,16, CUP
356858,6,0803050001,16, CUP
622623,6,0803050001,16, CUP
625911,6,0803050001,16, CUP
377152,6,0803050001,15, CUP
377153,6,0803050001,15, CUP
377158,6,0803050001,15, CUP
557080,6,0801059999,16, CUP
558895,6,0801059999,16, CUP
559051,6,0801059999,16, CUP
622166,6,0801059999,16, CUP
622168,6,0801059999,16, CUP
622708,6,0801059999,16, CUP
625964,6,0801059999,16, CUP
625965,6,0801059999,16, CUP
625966,6,0801059999,16, CUP
628266,6,0801059999,16, CUP
628366,6,0801059999,16, CUP
620021,6,0803010000,19, CUP
620521,6,0803010000,19, CUP
405512,6,0803010000,17, CUP
434910,6,0803010000,16, CUP
458123,6,0803010000,16, CUP
458124,6,0803010000,16, CUP
49104,5,0803010000,16, CUP
520169,6,0803010000,16, CUP
522964,6,0803010000,16, CUP
53783,5,0803010000,16, CUP
552853,6,0803010000,16, CUP
601428,6,0803010000,17, CUP
622250,6,0803010000,16, CUP
622251,6,0803010000,16, CUP
521899,6,0803010000,16, CUP
622254,6,0803010000,16, CUP
622255,6,0803010000,16, CUP
622256,6,0803010000,16, CUP
622257,6,0803010000,16, CUP
622258,6,0803010000,17, CUP
622259,6,0803010000,17, CUP
622253,6,0803010000,16, CUP
622261,6,0803010000,19, CUP
622284,6,0803010000,16, CUP
622656,6,0803010000,16, CUP
628216,6,0803010000,16, CUP
622252,6,0803010000,16, CUP
66405512,8,0803010000,17, CUP
6649104,7,0803010000,16, CUP
622260,6,0803010000,19, CUP
66601428,8,0803010000,17, CUP
955590,6,0803010000,16, CUP
955591,6,0803010000,16, CUP
955592,6,0803010000,16, CUP
955593,6,0803010000,16, CUP
6653783,7,0803010000,16, CUP
628218,6,0803010000,16, CUP
622262,6,0803010000,19, CUP
621002,6,0803010344,19, UPI
621069,6,0803010344,19, UPI
620013,6,0803010344,16, UPI
625028,6,0803010344,16, UPI
625029,6,0803010344,16, UPI
621436,6,0803010344,19, UPI
621335,6,0803010446,19, UPI
433670,6,0803020000,16, CUP
433680,6,0803020000,16, CUP
442729,6,0803020000,16, CUP
442730,6,0803020000,16, CUP
620082,6,0803020000,16, CUP
622690,6,0803020000,16, CUP
622691,6,0803020000,16, CUP
622692,6,0803020000,16, CUP
622696,6,0803020000,16, CUP
622698,6,0803020000,16, CUP
622998,6,0803020000,16, CUP
622999,6,0803020000,16, CUP
433671,6,0803020000,16, CUP
968807,6,0803020000,16, CUP
968808,6,0803020000,16, CUP
968809,6,0803020000,16, CUP
621771,6,0803020000,16, CUP
621767,6,0803020000,16, CUP
621768,6,0803020000,16, CUP
621770,6,0803020000,16, CUP
621772,6,0803020000,16, CUP
621773,6,0803020000,16, CUP
620527,6,0803020000,19, CUP
303,3,0803030000,16, CUP
623105,6,0804145210,16, CUP
622475,6,0804162640,16, CUP
621244,6,0804170000,16, CUP
623081,6,0804170001,16, CUP
623108,6,0804170001,16, CUP
566666,6,0804172210,18, CUP
622455,6,0804172210,19, CUP
940039,6,0804172210,19, CUP
622466,6,0804172211,16, CUP
628285,6,0804172211,16, CUP
622420,6,0804184930,17, CUP
940041,6,0804184930,17, CUP
622399,6,0804192310,17, CUP
940043,6,0804192310,17, CUP
628309,6,0804192310,16, CUP
603708,6,0804202220,17, CUP
622993,6,0804202220,19, CUP
623070,6,0804202220,19, CUP
623172,6,0804202220,19, CUP
623173,6,0804202220,19, CUP
623069,6,0804202220,19, CUP
622383,6,0804202221,16, CUP
622385,6,0804202221,16, CUP
628299,6,0804202221,16, CUP
603506,6,0804213050,19, CUP
622498,6,0804221210,19, CUP
622499,6,0804221210,19, CUP
377155,6,0803050001,15, CUP
625912,6,0803050001,16, CUP
625913,6,0803050001,16, CUP
404117,6,0801030000,16, CUP
404118,6,0801030000,16, CUP
404119,6,0801030000,16, CUP
404120,6,0801030000,16, CUP
404121,6,0801030000,16, CUP
463758,6,0801030000,16, CUP
519412,6,0801030000,16, CUP
519413,6,0801030000,16, CUP
520082,6,0801030000,16, CUP
520083,6,0801030000,16, CUP
53591,5,0801030000,16, CUP
552599,6,0801030000,16, CUP
558730,6,0801030000,16, CUP
49102,5,0801030000,16, CUP
514027,6,0801030000,16, CUP
622836,6,0801030000,16, CUP
622837,6,0801030000,16, CUP
622841,6,0801030000,19, CUP
622824,6,0801030000,19, CUP
622826,6,0801030000,19, CUP
628268,6,0801030000,16, CUP
6349102,7,0801030000,16, CUP
6353591,7,0801030000,16, CUP
95595,5,0801030000,19, CUP
95596,5,0801030000,19, CUP
95597,5,0801030000,19, CUP
95598,5,0801030000,19, CUP
95599,5,0801030000,19, CUP
622848,6,0801030000,19, CUP
625996,6,0801030000,16, CUP
625998,6,0801030000,16, CUP
622823,6,0801030000,19, CUP
621336,6,0801030000,19, CUP
621619,6,0801030000,19, CUP
622821,6,0801030000,19, CUP
622822,6,0801030000,19, CUP
622825,6,0801030000,19, CUP
622827,6,0801030000,19, CUP
622845,6,0801030000,19, CUP
622849,6,0801030000,19, CUP
623018,6,0801030000,19, CUP
625997,6,0801030000,16, CUP
623206,6,0801030000,19, CUP
621671,6,0801030000,19, CUP
622840,6,0801030000,19, CUP
622843,6,0801030000,19, CUP
622844,6,0801030000,19, CUP
622846,6,0801030000,19, CUP
622847,6,0801030000,19, CUP
622828,6,0801030000,19, CUP
620059,6,0801030000,19, CUP
621282,6,0801030000,19, CUP
622820,6,0801030001,16, CUP
622830,6,0801030001,16, CUP
622838,6,0801030001,16, CUP
625336,6,0801030001,16, CUP
625826,6,0801030001,16, CUP
625827,6,0801030001,16, CUP
544243,6,0801030001,16, CUP
548478,6,0801030001,16, CUP
628269,6,0801030001,16, CUP
620501,6,0801033320,19, CUP
621660,6,0801040000,19, CUP
621661,6,0801040000,19, CUP
621662,6,0801040000,19, CUP
621663,6,0801040000,19, CUP
621665,6,0801040000,19, CUP
621667,6,0801040000,19, CUP
621668,6,0801040000,19, CUP
621669,6,0801040000,19, CUP
621666,6,0801040000,19, CUP
625908,6,0801040000,16, CUP
625910,6,0801040000,16, CUP
625909,6,0801040000,16, CUP
356833,6,0801040000,16, CUP
356835,6,0801040000,16, CUP
409665,6,0801040000,16, CUP
409666,6,0801040000,16, CUP
409668,6,0801040000,16, CUP
409669,6,0801040000,16, CUP
409670,6,0801040000,16, CUP
409671,6,0801040000,16, CUP
409672,6,0801040000,16, CUP
456351,6,0801040000,19, CUP
512315,6,0801040000,16, CUP
512316,6,0801040000,16, CUP
512411,6,0801040000,16, CUP
512412,6,0801040000,16, CUP
514957,6,0801040000,16, CUP
409667,6,0801040000,16, CUP
518378,6,0801040000,16, CUP
518379,6,0801040000,16, CUP
518474,6,0801040000,16, CUP
518475,6,0801040000,16, CUP
518476,6,0801040000,16, CUP
438088,6,0801040000,16, CUP
524865,6,0801040000,16, CUP
525745,6,0801040000,16, CUP
525746,6,0801040000,16, CUP
547766,6,0801040000,16, CUP
552742,6,0801040000,16, CUP
553131,6,0801040000,16, CUP
558868,6,0801040000,16, CUP
514958,6,0801040000,16, CUP
622752,6,0801040000,16, CUP
622753,6,0801040000,16, CUP
622755,6,0801040000,16, CUP
524864,6,0801040000,16, CUP
622757,6,0801040000,16, CUP
622758,6,0801040000,16, CUP
622759,6,0801040000,16, CUP
622760,6,0801040000,16, CUP
622761,6,0801040000,16, CUP
622762,6,0801040000,16, CUP
622763,6,0801040000,16, CUP
601382,6,0801040000,19, CUP
622756,6,0801040000,16, CUP
628388,6,0801040000,16, CUP
621256,6,0801040000,19, CUP
621212,6,0801040000,19, CUP
620514,6,0801040000,16, CUP
622754,6,0801040000,16, CUP
622764,6,0801040000,16, CUP
518377,6,0801040000,16, CUP
622765,6,0801040000,16, CUP
622788,6,0801040000,16, CUP
621283,6,0801040000,19, CUP
620061,6,0801040000,19, CUP
621725,6,0801040000,19, CUP
620040,6,0801040000,19, CUP
558869,6,0801040000,16, CUP
621330,6,0801040000,19, CUP
621331,6,0801040000,19, CUP
621332,6,0801040000,19, CUP
621333,6,0801040000,19, CUP
621297,6,0801040000,19, CUP
377677,6,0801040000,15, CUP
621568,6,0801040000,19, CUP
621569,6,0801040000,19, CUP
625905,6,0801040000,16, CUP
625906,6,0801040000,16, CUP
625907,6,0801040000,16, CUP
628313,6,0801040000,16, CUP
625333,6,0801040000,16, CUP
621672,6,0801040000,19, CUP
628312,6,0801040000,16, CUP
623208,6,0801040000,19, CUP
621620,6,0801040000,19, CUP
621756,6,0801040000,19, CUP
621757,6,0801040000,19, CUP
621758,6,0801040000,19, CUP
621759,6,0801040000,19, CUP
621785,6,0801040000,19, CUP
621786,6,0801040000,19, CUP
621787,6,0801040000,19, CUP
621788,6,0801040000,19, CUP
621789,6,0801040000,19, CUP
621790,6,0801040000,19, CUP
620025,6,0801040036,16, UPI
620026,6,0801040036,16, UPI
621293,6,0801040036,16, UPI
621294,6,0801040036,16, UPI
621342,6,0801040036,16, UPI
621343,6,0801040036,16, UPI
621364,6,0801040036,16, UPI
621394,6,0801040036,16, UPI
621648,6,0801040116,16, UPI
621248,6,0801040360,16, UPI
621215,6,0801040392,16, UPI
621249,6,0801040410,16, UPI
622273,6,0801040446,19, UPI
622274,6,0801040446,19, UPI
622750,6,0801040446,16, UPI
622751,6,0801040446,16, UPI
622771,6,0801040446,19, UPI
622772,6,0801040446,19, UPI
622770,6,0801040446,19, UPI
625145,6,0801040446,16, UPI
620531,6,0801040446,19, UPI
620210,6,0801040446,16, UPI
620211,6,0801040446,16, UPI
622479,6,0801040446,16, UPI
622480,6,0801040446,16, UPI
620019,6,0801040458,16, UPI
620035,6,0801040458,16, UPI
621231,6,0801040608,16, UPI
622789,6,0801040702,16, UPI
621638,6,0801040704,16, UPI
621334,6,0801040764,16, UPI
625140,6,0801040764,16, UPI
621395,6,0801040764,16, UPI
620513,6,0801043320,19, CUP
5453242,7,0801050000,18, CUP
5491031,7,0801050000,18, CUP
5544033,7,0801050000,18, CUP
622725,6,0801050000,16, CUP
622728,6,0801050000,16, CUP
621284,6,0801050000,19, CUP
421349,6,0801050000,16, CUP
434061,6,0801050000,16, CUP
434062,6,0801050000,16, CUP
436728,6,0801050000,16, CUP
436742,6,0801050000,19, CUP
453242,6,0801050000,16, CUP
491031,6,0801050000,16, CUP
524094,6,0801050000,16, CUP
526410,6,0801050000,16, CUP
53242,5,0801050000,16, CUP
53243,5,0801050000,16, CUP
544033,6,0801050000,16, CUP
552245,6,0801050000,16, CUP
589970,6,0801050000,19, CUP
620060,6,0801050000,19, CUP
621080,6,0801050000,16, CUP
621081,6,0801050000,19, CUP
621082,6,0801050000,16, CUP
621466,6,0801050000,16, CUP
621467,6,0801050000,19, CUP
621488,6,0801050000,16, CUP
621499,6,0801050000,16, CUP
621598,6,0801050000,19, CUP
621621,6,0801050000,19, CUP
621700,6,0801050000,19, CUP
622280,6,0801050000,19, CUP
622700,6,0801050000,19, CUP
622707,6,0801050000,16, CUP
622966,6,0801050000,16, CUP
622988,6,0801050000,16, CUP
625955,6,0801050000,16, CUP
625956,6,0801050000,16, CUP
553242,6,0801050000,18, CUP
625362,6,0801050001,16, CUP
625363,6,0801050001,16, CUP
628316,6,0801050001,16, CUP
628317,6,0801050001,16, CUP
623211,6,0801050001,19, CUP
621673,6,0801050001,19, CUP
436742193,9,0801053930,19, CUP
622280193,9,0801053930,19, CUP
356896,6,0801059999,16, CUP
356899,6,0801059999,16, CUP
356895,6,0801059999,16, CUP
436718,6,0801059999,16, CUP
436738,6,0801059999,16, CUP
436745,6,0801059999,16, CUP
436748,6,0801059999,16, CUP
489592,6,0801059999,16, CUP
531693,6,0801059999,16, CUP
532450,6,0801059999,16, CUP
532458,6,0801059999,16, CUP
544887,6,0801059999,16, CUP
552801,6,0801059999,16, CUP
620535,6,0803030000,19, CUP
999999,6,0803040000,16, CUP
621222,6,0803040000,16, CUP
623020,6,0803040000,16, CUP
623021,6,0803040000,16, CUP
623022,6,0803040000,16, CUP
623023,6,0803040000,16, CUP
622630,6,0803040000,16, CUP
622631,6,0803040000,16, CUP
622632,6,0803040000,16, CUP
622633,6,0803040000,16, CUP
622615,6,0803050000,16, CUP
622616,6,0803050000,16, CUP
622618,6,0803050000,16, CUP
622622,6,0803050000,16, CUP
622617,6,0803050000,16, CUP
622619,6,0803050000,16, CUP
415599,6,0803050000,16, CUP
421393,6,0803050000,16, CUP
421865,6,0803050000,16, CUP
427570,6,0803050000,16, CUP
427571,6,0803050000,16, CUP
472067,6,0803050000,16, CUP
472068,6,0803050000,16, CUP
622620,6,0803050000,16, CUP
545392,6,0803050001,16, CUP
545393,6,0803050001,16, CUP
545431,6,0803050001,16, CUP
545447,6,0803050001,16, CUP
623086,6,0804283371,16, CUP
628291,6,0804283379,16, CUP
621532,6,0804296510,19, CUP
621482,6,0804296510,19, CUP
622135,6,0804296510,19, CUP
622152,6,0804296510,19, CUP
622153,6,0804296510,19, CUP
622154,6,0804296510,19, CUP
622996,6,0804296510,19, CUP
622997,6,0804296510,19, CUP
940027,6,0804296510,19, CUP
622442,6,0804302240,17, CUP
622442,6,0804302240,19, CUP
940053,6,0804302240,18, CUP
623099,6,0804302248,19, CUP
940055,6,0804325210,17, CUP
622397,6,0804325261,16, CUP
622398,6,0804332350,16, CUP
940054,6,0804332350,16, CUP
622331,6,0804341100,18, CUP
622426,6,0804341100,16, CUP
625995,6,0804341100,16, CUP
628205,6,0804341101,16, CUP
622421,6,0804354910,19, CUP
940056,6,0804354910,17, CUP
96828,5,0804354910,16, CUP
628214,6,0804360010,16, CUP
625529,6,0804360010,16, CUP
406365,6,0803060000,16, CUP
623185,6,0804010000,18, CUP
621050,6,0804012900,18, CUP
622172,6,0804012900,18, CUP
622985,6,0804012900,18, CUP
622987,6,0804012900,18, CUP
620522,6,0804012900,18, CUP
622267,6,0804012900,18, CUP
622278,6,0804012900,18, CUP
622279,6,0804012900,18, CUP
622468,6,0804012900,18, CUP
622892,6,0804012900,18, CUP
940021,6,0804012900,18, CUP
356827,6,0804012902,16, CUP
356828,6,0804012902,16, CUP
356830,6,0804012902,16, CUP
402673,6,0804012902,16, CUP
402674,6,0804012902,16, CUP
438600,6,0804012902,16, CUP
486466,6,0804012902,16, CUP
519498,6,0804012902,16, CUP
520131,6,0804012902,16, CUP
524031,6,0804012902,16, CUP
548838,6,0804012902,16, CUP
622148,6,0804012902,16, CUP
622149,6,0804012902,16, CUP
622268,6,0804012902,16, CUP
356829,6,0804012902,16, CUP
622300,6,0804012902,16, CUP
628230,6,0804012902,16, CUP
622269,6,0804012902,16, CUP
625099,6,0804012902,16, CUP
625953,6,0804012902,16, CUP
622393,6,0804023930,16, CUP
6886592,7,0804023930,18, CUP
940023,6,0804023930,16, CUP
623019,6,0804023930,19, CUP
621600,6,0804023930,19, CUP
421317,6,0804031000,16, CUP
422161,6,0804031000,16, CUP
602969,6,0804031000,16, CUP
422160,6,0804031000,16, CUP
621030,6,0804031000,16, CUP
621420,6,0804031000,16, CUP
621468,6,0804031000,16, CUP
623111,6,0804031000,16, CUP
622388,6,0804053910,16, CUP
621267,6,0804053910,18, CUP
620043,6,0804053910,18, CUP
623063,6,0804053910,18, CUP
622865,6,0804062410,19, CUP
940012,6,0804062410,16, CUP
623131,6,0804062410,19, CUP
622178,6,0804062418,16, CUP
622179,6,0804062418,16, CUP
628358,6,0804062418,16, CUP
622394,6,0804073140,16, CUP
940025,6,0804073140,16, CUP
621279,6,0804083320,16, CUP
622281,6,0804083320,16, CUP
622316,6,0804083320,16, CUP
940022,6,0804083320,16, CUP
621418,6,0804083320,19, CUP
512431,6,0804083329,16, CUP
520194,6,0804083329,16, CUP
622282,6,0804083329,16, CUP
622318,6,0804083329,16, CUP
621626,6,0804100000,19, CUP
623058,6,0804100000,19, CUP
602907,6,0804105840,16, CUP
622986,6,0804105840,16, CUP
622989,6,0804105840,16, CUP
622298,6,0804105840,16, CUP
622338,6,0804115010,19, CUP
940032,6,0804115010,16, CUP
621977,6,0804123330,16, CUP
603445,6,0804135810,19, CUP
622467,6,0804135810,19, CUP
940016,6,0804135810,19, CUP
621463,6,0804135810,19, CUP
990027,6,0804145210,18, CUP
622325,6,0804145210,16, CUP
623029,6,0804145210,16, CUP
625288,6,0814156020,16, CUP
623038,6,0814156020,19, CUP
625888,6,0814156020,16, CUP
622332,6,0814163056,17, CUP
940063,6,0814163056,17, CUP
622127,6,0814173900,19, CUP
622184,6,0814173900,19, CUP
621701,6,0814173900,19, CUP
621251,6,0814173900,19, CUP
621589,6,0814173900,19, CUP
623036,6,0814173900,19, CUP
620088,6,0814181000,19, CUP
621068,6,0814181000,19, CUP
622138,6,0814181000,19, CUP
621066,6,0814181000,19, CUP
621560,6,0814181000,19, CUP
625526,6,0814181001,16, CUP
625186,6,0814181001,16, CUP
628336,6,0814181001,16, CUP
622531,6,0814191100,19, CUP
622329,6,0814191100,19, CUP
622339,6,0814203320,16, CUP
620500,6,0814203323,16, CUP
621024,6,0814203323,16, CUP
622289,6,0814203323,16, CUP
622389,6,0814203323,16, CUP
628300,6,0814203323,16, CUP
622343,6,0814215881,19, CUP
625516,6,0814226510,16, CUP
621516,6,0814226510,19, CUP
406366,6,0803060000,16, CUP
428911,6,0803060000,16, CUP
436768,6,0803060000,16, CUP
436769,6,0803060000,16, CUP
436770,6,0803060000,16, CUP
487013,6,0803060000,16, CUP
491032,6,0803060000,16, CUP
491033,6,0803060000,16, CUP
491034,6,0803060000,16, CUP
491035,6,0803060000,16, CUP
491036,6,0803060000,16, CUP
491037,6,0803060000,16, CUP
491038,6,0803060000,16, CUP
436771,6,0803060000,16, CUP
518364,6,0803060000,16, CUP
520152,6,0803060000,16, CUP
520382,6,0803060000,16, CUP
541709,6,0803060000,16, CUP
541710,6,0803060000,16, CUP
548844,6,0803060000,16, CUP
552794,6,0803060000,16, CUP
493427,6,0803060000,16, CUP
622555,6,0803060000,16, CUP
622556,6,0803060000,16, CUP
622557,6,0803060000,16, CUP
622558,6,0803060000,16, CUP
622559,6,0803060000,16, CUP
622560,6,0803060000,16, CUP
622568,6,0803060000,19, CUP
528931,6,0803060000,16, CUP
685800,6,0803060000,19, CUP
6858000,7,0803060000,19, CUP
6858001,7,0803060000,19, CUP
6858009,7,0803060000,19, CUP
9111,4,0803060000,19, CUP
558894,6,0803060000,16, CUP
625072,6,0803060000,16, CUP
625071,6,0803060000,16, CUP
628260,6,0803060000,16, CUP
628259,6,0803060000,16, CUP
621462,6,0803060000,19, CUP
625805,6,0803060000,16, CUP
625806,6,0803060000,16, CUP
625807,6,0803060000,16, CUP
625808,6,0803060000,16, CUP
625809,6,0803060000,16, CUP
625810,6,0803060000,16, CUP
356885,6,0803080000,16, CUP
356886,6,0803080000,16, CUP
356887,6,0803080000,16, CUP
356888,6,0803080000,16, CUP
356890,6,0803080000,16, CUP
402658,6,0803080000,16, CUP
410062,6,0803080000,16, CUP
439188,6,0803080000,16, CUP
439227,6,0803080000,16, CUP
468203,6,0803080000,16, CUP
479228,6,0803080000,16, CUP
479229,6,0803080000,16, CUP
512425,6,0803080000,16, CUP
521302,6,0803080000,16, CUP
524011,6,0803080000,16, CUP
356889,6,0803080000,16, CUP
545620,6,0803080000,16, CUP
545621,6,0803080000,16, CUP
545947,6,0803080000,16, CUP
545948,6,0803080000,16, CUP
552534,6,0803080000,16, CUP
552587,6,0803080000,16, CUP
622575,6,0803080000,16, CUP
622576,6,0803080000,16, CUP
622577,6,0803080000,16, CUP
622578,6,0803080000,16, CUP
622579,6,0803080000,16, CUP
622580,6,0803080000,16, CUP
545619,6,0803080000,16, CUP
622581,6,0803080000,16, CUP
622582,6,0803080000,16, CUP
622588,6,0803080000,16, CUP
622598,6,0803080000,16, CUP
622609,6,0803080000,16, CUP
690755,6,0803080000,15, CUP
690755,6,0803080000,18, CUP
95555,5,0803080000,16, CUP
545623,6,0803080000,16, CUP
621286,6,0803080000,16, CUP
620520,6,0803080000,19, CUP
621483,6,0803080000,16, CUP
621485,6,0803080000,16, CUP
621486,6,0803080000,16, CUP
628290,6,0803080000,16, CUP
370285,6,0803080010,15, CUP
370286,6,0803080010,15, CUP
370287,6,0803080010,15, CUP
370289,6,0803080010,15, CUP
439225,6,0803080010,16, CUP
518710,6,0803080010,16, CUP
518718,6,0803080010,16, CUP
628362,6,0803080010,16, CUP
439226,6,0803080010,16, CUP
628262,6,0803080010,16, CUP
625802,6,0803080010,16, CUP
625803,6,0803080010,16, CUP
621299,6,0803080344,16, UPI
438589,6,0803090000,18, CUP
90592,5,0803090000,16, CUP
966666,6,0803090000,18, CUP
622909,6,0803090000,18, CUP
438588,6,0803090000,18, CUP
622908,6,0803090000,18, CUP
461982,6,0803090010,16, CUP
486493,6,0803090010,16, CUP
486494,6,0803090010,16, CUP
486861,6,0803090010,16, CUP
523036,6,0803090010,16, CUP
451289,6,0803090010,16, CUP
527414,6,0803090010,16, CUP
528057,6,0803090010,16, CUP
622901,6,0803090010,16, CUP
622902,6,0803090010,16, CUP
622922,6,0803090010,16, CUP
628212,6,0803090010,16, CUP
451290,6,0803090010,16, CUP
524070,6,0803090010,16, CUP
625084,6,0803090010,16, CUP
625085,6,0803090010,16, CUP
625086,6,0803090010,16, CUP
625087,6,0803090010,16, CUP
548738,6,0803090010,16, CUP
549633,6,0803090010,16, CUP
552398,6,0803090010,16, CUP
625082,6,0803090010,16, CUP
625083,6,0803090010,16, CUP
625960,6,0803090010,16, CUP
625961,6,0803090010,16, CUP
625962,6,0803090010,16, CUP
625963,6,0803090010,16, CUP
356851,6,0803100000,16, CUP
356852,6,0803100000,16, CUP
404738,6,0803100000,16, CUP
404739,6,0803100000,16, CUP
456418,6,0803100000,16, CUP
498451,6,0803100000,16, CUP
515672,6,0803100000,16, CUP
356850,6,0803100000,16, CUP
517650,6,0803100000,16, CUP
525998,6,0803100000,16, CUP
622177,6,0803100000,16, CUP
622277,6,0803100000,16, CUP
622516,6,0803100000,16, CUP
622517,6,0803100000,16, CUP
622518,6,0803100000,16, CUP
622520,6,0803100000,16, CUP
622521,6,0803100000,16, CUP
622522,6,0803100000,16, CUP
622523,6,0803100000,16, CUP
628222,6,0803100000,16, CUP
84301,5,0803100000,16, CUP
84336,5,0803100000,16, CUP
622500,6,0803100000,16, CUP
84373,5,0803100000,16, CUP
628221,6,0803100000,16, CUP
84385,5,0803100000,16, CUP
84390,5,0803100000,16, CUP
87000,5,0803100000,16, CUP
87010,5,0803100000,16, CUP
87030,5,0803100000,16, CUP
87040,5,0803100000,16, CUP
84380,5,0803100000,16, CUP
984301,6,0803100000,16, CUP
984303,6,0803100000,16, CUP
84361,5,0803100000,16, CUP
87050,5,0803100000,16, CUP
622176,6,0803100000,16, CUP
622276,6,0803100000,16, CUP
622228,6,0803100000,16, CUP
621352,6,0803100000,16, CUP
621793,6,0803100000,16, CUP
621795,6,0803100000,16, CUP
621796,6,0803100000,16, CUP
621351,6,0803100000,16, CUP
621390,6,0803100000,16, CUP
621792,6,0803100000,16, CUP
625957,6,0803100000,16, CUP
625958,6,0803100000,16, CUP
621791,6,0803100000,16, CUP
84342,5,0803100000,16, CUP
620530,6,0803100000,19, CUP
625993,6,0803100000,16, CUP
622519,6,0803100000,16, CUP
625831,6,0803100000,16, CUP
623078,6,0803110000,19, CUP
622384,6,0803114560,17, CUP
940034,6,0803114560,17, CUP
6091201,7,0803131100,18, CUP
940015,6,0803131100,18, CUP
940008,6,0803134500,19, CUP
622379,6,0803134510,19, CUP
622886,6,0803134560,16, CUP
622391,6,0803134580,16, CUP
940072,6,0803134580,16, CUP
622359,6,0803134730,19, CUP
940066,6,0803134730,19, CUP
622857,6,0803134732,19, CUP
940065,6,0803134732,19, CUP
621019,6,0803160000,19, CUP
622309,6,0803160000,19, CUP
6223091100,10,0803161100,19, CUP
6223092900,10,0803162900,19, CUP
6223093310,10,0803163310,19, CUP
6223093320,10,0803163320,19, CUP
6223093330,10,0803163330,19, CUP
6223093370,10,0803163370,19, CUP
6223093380,10,0803163380,19, CUP
6223096510,10,0803166510,19, CUP
6223097910,10,0803167910,19, CUP
621268,6,0803170000,16, CUP
622684,6,0803170000,16, CUP
622884,6,0803170000,16, CUP
621453,6,0803170000,16, CUP
621062,6,0803190001,16, CUP
621063,6,0803190001,16, CUP
625076,6,0803190002,16, CUP
625077,6,0803190002,16, CUP
625074,6,0803190003,16, CUP
625075,6,0803190003,16, CUP
622933,6,0803200000,19, CUP
622938,6,0803200000,19, CUP
623031,6,0803200000,19, CUP
622946,6,0803210000,16, CUP
622942,6,0803220000,16, CUP
622994,6,0803220000,16, CUP
621016,6,0803240000,19, CUP
621015,6,0803240000,19, CUP
622950,6,0803260000,16, CUP
622951,6,0803260000,16, CUP
621060,6,0803270000,19, CUP
621072,6,0803280000,19, CUP
621201,6,0803290000,16, CUP
621077,6,0803300000,16, CUP
621298,6,0803310000,18, CUP
621213,6,0803320000,19, CUP
621289,6,0803320000,19, CUP
621290,6,0803320000,19, CUP
621291,6,0803320000,19, CUP
621292,6,0803320000,19, CUP
621245,6,0803330001,16, CUP
621328,6,0803340000,19, CUP
621277,6,0803350000,16, CUP
621651,6,0803360000,19, CUP
623183,6,0804010000,18, CUP
940046,6,0804221210,19, CUP
623000,6,0804221210,19, CUP
603367,6,0804233310,18, CUP
622878,6,0804233310,18, CUP
628242,6,0804240001,16, CUP
622595,6,0804240001,16, CUP
622303,6,0804240001,16, CUP
622305,6,0804243010,16, CUP
621259,6,0804243010,16, CUP
622596,6,0804243010,16, CUP
622333,6,0804256020,16, CUP
940050,6,0804256020,16, CUP
621439,6,0804256020,19, CUP
623010,6,0804256020,19, CUP
622449,6,0804263380,16, CUP
940051,6,0804263380,16, CUP
622450,6,0804263380,16, CUP
628204,6,0804263380,16, CUP
623067,6,0804263380,16, CUP
622476,6,0804270001,16, CUP
621751,6,0804270001,19, CUP
628278,6,0804270001,16, CUP
622143,6,0804278810,19, CUP
940001,6,0804278810,19, CUP
621754,6,0804278810,19, CUP
622486,6,0804283370,16, CUP
603602,6,0804283370,18, CUP
623026,6,0804283371,16, CUP
620149,6,0801020380,16, UPI
621730,6,0801020392,16, UPI
625928,6,0801020398,16, UPI
621414,6,0801020398,19, UPI
625914,6,0801020398,16, UPI
621375,6,0801020398,19, UPI
620187,6,0801020398,19, UPI
621734,6,0801020410,16, UPI
621433,6,0801020418,16, UPI
625986,6,0801020418,16, UPI
621370,6,0801020442,16, UPI
625925,6,0801020442,16, UPI
625921,6,0801020458,16, UPI
621764,6,0801020458,16, UPI
625926,6,0801020528,16, UPI
621372,6,0801020528,19, UPI
621464,6,0801020586,16, UPI
625942,6,0801020586,16, UPI
622158,6,0801020702,16, UPI
625917,6,0801020702,16, UPI
621765,6,0801020702,16, UPI
620094,6,0801020702,16, UPI
620186,6,0801020702,16, UPI
621719,6,0801020702,16, UPI
625922,6,0801020704,16, UPI
621369,6,0801020704,19, UPI
621763,6,0801020704,19, UPI
625934,6,0801020704,16, UPI
620046,6,0801020704,19, UPI
623002,6,0801020000,18, CUP
623006,6,0801020000,18, CUP
623008,6,0801020000,18, CUP
623011,6,0801020000,18, CUP
623012,6,0801020000,18, CUP
622904,6,0801020000,18, CUP
623015,6,0801020000,18, CUP
623100,6,0801020000,18, CUP
623202,6,0801020000,18, CUP
623301,6,0801020000,18, CUP
623400,6,0801020000,18, CUP
623500,6,0801020000,18, CUP
623602,6,0801020000,18, CUP
623803,6,0801020000,18, CUP
623901,6,0801020000,18, CUP
623014,6,0801020000,18, CUP
624100,6,0801020000,18, CUP
624200,6,0801020000,18, CUP
624301,6,0801020000,18, CUP
624402,6,0801020000,18, CUP
62451804,8,0801020000,16, CUP
62451810,8,0801020000,16, CUP
62451811,8,0801020000,16, CUP
6245806,7,0801020000,16, CUP
62458071,8,0801020000,16, CUP
6253098,7,0801020000,16, CUP
623700,6,0801020000,18, CUP
628288,6,0801020000,16, CUP
624000,6,0801020000,18, CUP
9558,4,0801020000,19, CUP
628286,6,0801020000,16, CUP
622206,6,0801020000,16, CUP
621225,6,0801020000,19, CUP
526836,6,0801020000,16, CUP
513685,6,0801020000,16, CUP
543098,6,0801020000,16, CUP
458441,6,0801020000,16, CUP
620058,6,0801020000,19, CUP
621281,6,0801020000,19, CUP
622246,6,0801020000,16, CUP
900000,6,0801020000,19, CUP
544210,6,0801020000,16, CUP
548943,6,0801020000,16, CUP
370267,6,0801020000,15, CUP
621558,6,0801020000,19, CUP
621559,6,0801020000,19, CUP
621722,6,0801020000,19, CUP
621723,6,0801020000,19, CUP
620086,6,0801020000,19, CUP
621226,6,0801020000,19, CUP
402791,6,0801020000,16, CUP
427028,6,0801020000,16, CUP
427038,6,0801020000,16, CUP
548259,6,0801020000,16, CUP
356879,6,0801020000,16, CUP
356880,6,0801020000,16, CUP
356881,6,0801020000,16, CUP
356882,6,0801020000,16, CUP
528856,6,0801020000,16, CUP
621618,6,0801020000,19, CUP
620516,6,0801020000,19, CUP
621227,6,0801020000,19, CUP
621288,6,0801020000,19, CUP
621721,6,0801020000,19, CUP
900010,6,0801020000,19, CUP
625330,6,0801020000,16, CUP
625331,6,0801020000,16, CUP
625332,6,0801020000,16, CUP
623062,6,0801020000,19, CUP
622236,6,0801020000,16, CUP
374738,6,0801020000,15, CUP
374739,6,0801020000,15, CUP
621670,6,0801020000,19, CUP
524374,6,0801020000,16, CUP
550213,6,0801020000,16, CUP
622597,6,0801020000,16, CUP
622599,6,0801020000,16, CUP
625865,6,0801020000,16, CUP
625866,6,0801020000,16, CUP
625929,6,0801020056,16, UPI
621376,6,0801020056,16, UPI
620054,6,0801020056,16, UPI
620142,6,0801020056,16, UPI
621423,6,0801020076,16, UPI
625927,6,0801020076,16, UPI
621428,6,0801020116,16, UPI
625939,6,0801020116,16, UPI
621434,6,0801020116,16, UPI
625987,6,0801020116,16, UPI
621761,6,0801020124,16, UPI
356837,6,0803030000,16, CUP
356838,6,0803030000,16, CUP
486497,6,0803030000,16, CUP
620085,6,0803030000,16, CUP
622660,6,0803030000,16, CUP
622662,6,0803030000,16, CUP
622663,6,0803030000,16, CUP
622664,6,0803030000,16, CUP
622665,6,0803030000,16, CUP
622666,6,0803030000,16, CUP
622667,6,0803030000,16, CUP
622669,6,0803030000,16, CUP
622670,6,0803030000,16, CUP
622671,6,0803030000,16, CUP
622672,6,0803030000,16, CUP
622668,6,0803030000,16, CUP
622661,6,0803030000,16, CUP
622674,6,0803030000,16, CUP
90030,5,0803030000,16, CUP
622673,6,0803030000,16, CUP
620518,6,0803030000,16, CUP
621489,6,0803030000,16, CUP
621750,6,0801020724,16, UPI
625933,6,0801020724,16, UPI
621377,6,0801020724,16, UPI
620148,6,0801020724,16, UPI
620185,6,0801020724,16, UPI
625920,6,0801020764,16, UPI
621367,6,0801020764,16, UPI
625924,6,0801020826,16, UPI
621374,6,0801020826,16, UPI
621731,6,0801020826,16, UPI
621781,6,0801020826,16, UPI
103,3,0801030000,19, CUP
403361,6,0801030000,16, CUP
621096,6,0801000000,19, CUP
621098,6,0801000000,19, CUP
622150,6,0801000000,19, CUP
622151,6,0801000000,19, CUP
622181,6,0801000000,19, CUP
622188,6,0801000000,19, CUP
622199,6,0801000000,19, CUP
955100,6,0801000000,19, CUP
621095,6,0801000000,19, CUP
620062,6,0801000000,19, CUP
621285,6,0801000000,19, CUP
621798,6,0801000000,19, CUP
621799,6,0801000000,19, CUP
621797,6,0801000000,19, CUP
620529,6,0801000000,19, CUP
62215049,8,0801004900,19, CUP
62215050,8,0801004900,19, CUP
62215051,8,0801004900,19, CUP
62218850,8,0801004900,19, CUP
62218851,8,0801004900,19, CUP
62218849,8,0801004900,19, CUP
621622,6,0801009999,19, CUP
621599,6,0801009999,19, CUP
621674,6,0801009999,19, CUP
623218,6,0801009999,19, CUP
623219,6,0801009999,19, CUP
370246,6,0801020000,15, CUP
370248,6,0801020000,15, CUP
370249,6,0801020000,15, CUP
427010,6,0801020000,16, CUP
427018,6,0801020000,16, CUP
427019,6,0801020000,16, CUP
427020,6,0801020000,16, CUP
427029,6,0801020000,16, CUP
427030,6,0801020000,16, CUP
427039,6,0801020000,16, CUP
370247,6,0801020000,15, CUP
438125,6,0801020000,16, CUP
438126,6,0801020000,16, CUP
451804,6,0801020000,16, CUP
451810,6,0801020000,16, CUP
451811,6,0801020000,16, CUP
45806,5,0801020000,16, CUP
458071,6,0801020000,16, CUP
489734,6,0801020000,16, CUP
489735,6,0801020000,16, CUP
489736,6,0801020000,16, CUP
510529,6,0801020000,16, CUP
427062,6,0801020000,16, CUP
524091,6,0801020000,16, CUP
427064,6,0801020000,16, CUP
530970,6,0801020000,16, CUP
53098,5,0801020000,16, CUP
530990,6,0801020000,16, CUP
558360,6,0801020000,16, CUP
620200,6,0801020000,18, CUP
620302,6,0801020000,18, CUP
620402,6,0801020000,18, CUP
620403,6,0801020000,18, CUP
620404,6,0801020000,18, CUP
524047,6,0801020000,16, CUP
620406,6,0801020000,18, CUP
620407,6,0801020000,18, CUP
525498,6,0801020000,16, CUP
620409,6,0801020000,18, CUP
620410,6,0801020000,18, CUP
620411,6,0801020000,18, CUP
620412,6,0801020000,18, CUP
620502,6,0801020000,18, CUP
620503,6,0801020000,18, CUP
620405,6,0801020000,18, CUP
620408,6,0801020000,18, CUP
620512,6,0801020000,18, CUP
620602,6,0801020000,18, CUP
620604,6,0801020000,18, CUP
620607,6,0801020000,18, CUP
620611,6,0801020000,18, CUP
620612,6,0801020000,18, CUP
620704,6,0801020000,18, CUP
620706,6,0801020000,18, CUP
620707,6,0801020000,18, CUP
620708,6,0801020000,18, CUP
620709,6,0801020000,18, CUP
620710,6,0801020000,18, CUP
620609,6,0801020000,18, CUP
620712,6,0801020000,18, CUP
620713,6,0801020000,18, CUP
620714,6,0801020000,18, CUP
620802,6,0801020000,18, CUP
620711,6,0801020000,18, CUP
620904,6,0801020000,18, CUP
620905,6,0801020000,18, CUP
621001,6,0801020000,18, CUP
620902,6,0801020000,18, CUP
621103,6,0801020000,18, CUP
621105,6,0801020000,18, CUP
621106,6,0801020000,18, CUP
621107,6,0801020000,18, CUP
621102,6,0801020000,18, CUP
621203,6,0801020000,18, CUP
621204,6,0801020000,18, CUP
621205,6,0801020000,18, CUP
621206,6,0801020000,18, CUP
621207,6,0801020000,18, CUP
621208,6,0801020000,18, CUP
621209,6,0801020000,18, CUP
621210,6,0801020000,18, CUP
621302,6,0801020000,18, CUP
621303,6,0801020000,18, CUP
621202,6,0801020000,18, CUP
621305,6,0801020000,18, CUP
621306,6,0801020000,18, CUP
621307,6,0801020000,18, CUP
621309,6,0801020000,18, CUP
621311,6,0801020000,18, CUP
621313,6,0801020000,18, CUP
621211,6,0801020000,18, CUP
621315,6,0801020000,18, CUP
621304,6,0801020000,18, CUP
621402,6,0801020000,18, CUP
621404,6,0801020000,18, CUP
621405,6,0801020000,18, CUP
621406,6,0801020000,18, CUP
621407,6,0801020000,18, CUP
621408,6,0801020000,18, CUP
621409,6,0801020000,18, CUP
621410,6,0801020000,18, CUP
621502,6,0801020000,18, CUP
621317,6,0801020000,18, CUP
621511,6,0801020000,18, CUP
621603,6,0801020000,18, CUP
621604,6,0801020000,18, CUP
621605,6,0801020000,18, CUP
621608,6,0801020000,18, CUP
621609,6,0801020000,18, CUP
621610,6,0801020000,18, CUP
621611,6,0801020000,18, CUP
621612,6,0801020000,18, CUP
621613,6,0801020000,18, CUP
621614,6,0801020000,18, CUP
621615,6,0801020000,18, CUP
621616,6,0801020000,18, CUP
621617,6,0801020000,18, CUP
621607,6,0801020000,18, CUP
621606,6,0801020000,18, CUP
621804,6,0801020000,18, CUP
621807,6,0801020000,18, CUP
621813,6,0801020000,18, CUP
621814,6,0801020000,18, CUP
621817,6,0801020000,18, CUP
621901,6,0801020000,18, CUP
621904,6,0801020000,18, CUP
621905,6,0801020000,18, CUP
621906,6,0801020000,18, CUP
621907,6,0801020000,18, CUP
621908,6,0801020000,18, CUP
621909,6,0801020000,18, CUP
621910,6,0801020000,18, CUP
621602,6,0801020000,18, CUP
621911,6,0801020000,18, CUP
621912,6,0801020000,18, CUP
621913,6,0801020000,18, CUP
621915,6,0801020000,18, CUP
622002,6,0801020000,18, CUP
621903,6,0801020000,18, CUP
622004,6,0801020000,18, CUP
622005,6,0801020000,18, CUP
622006,6,0801020000,18, CUP
622007,6,0801020000,18, CUP
622008,6,0801020000,18, CUP
622010,6,0801020000,18, CUP
622011,6,0801020000,18, CUP
622012,6,0801020000,18, CUP
621914,6,0801020000,18, CUP
622015,6,0801020000,18, CUP
622016,6,0801020000,18, CUP
622003,6,0801020000,18, CUP
622018,6,0801020000,18, CUP
622019,6,0801020000,18, CUP
622020,6,0801020000,18, CUP
622102,6,0801020000,18, CUP
622103,6,0801020000,18, CUP
622104,6,0801020000,18, CUP
622105,6,0801020000,18, CUP
622013,6,0801020000,18, CUP
622111,6,0801020000,18, CUP
622114,6,0801020000,18, CUP
622200,6,0801020000,19, CUP
622305,6,0801020000,18, CUP
622017,6,0801020000,18, CUP
622202,6,0801020000,19, CUP
622203,6,0801020000,19, CUP
622208,6,0801020000,19, CUP
622210,6,0801020000,16, CUP
622211,6,0801020000,16, CUP
622212,6,0801020000,16, CUP
622213,6,0801020000,16, CUP
622214,6,0801020000,16, CUP
622110,6,0801020000,18, CUP
622220,6,0801020000,16, CUP
622223,6,0801020000,16, CUP
622225,6,0801020000,16, CUP
622229,6,0801020000,16, CUP
622230,6,0801020000,16, CUP
622231,6,0801020000,16, CUP
622232,6,0801020000,16, CUP
622233,6,0801020000,16, CUP
622234,6,0801020000,16, CUP
622235,6,0801020000,16, CUP
622237,6,0801020000,16, CUP
622215,6,0801020000,16, CUP
622239,6,0801020000,16, CUP
622240,6,0801020000,16, CUP
622245,6,0801020000,16, CUP
622224,6,0801020000,16, CUP
622303,6,0801020000,18, CUP
622304,6,0801020000,18, CUP
622306,6,0801020000,18, CUP
622307,6,0801020000,18, CUP
622308,6,0801020000,18, CUP
622309,6,0801020000,18, CUP
622238,6,0801020000,16, CUP
622314,6,0801020000,18, CUP
622315,6,0801020000,18, CUP
622317,6,0801020000,18, CUP
622302,6,0801020000,18, CUP
622402,6,0801020000,18, CUP
622403,6,0801020000,18, CUP
622404,6,0801020000,18, CUP
622313,6,0801020000,18, CUP
622504,6,0801020000,18, CUP
622505,6,0801020000,18, CUP
622509,6,0801020000,18, CUP
622513,6,0801020000,18, CUP
622517,6,0801020000,18, CUP
622502,6,0801020000,18, CUP
622604,6,0801020000,18, CUP
622605,6,0801020000,18, CUP
622606,6,0801020000,18, CUP
622510,6,0801020000,18, CUP
622703,6,0801020000,18, CUP
622715,6,0801020000,18, CUP
622806,6,0801020000,18, CUP
622902,6,0801020000,18, CUP
622903,6,0801020000,18, CUP
622706,6,0801020000,18, CUP
6666661,7,0801020000,16, CUP
6666664,7,0801020000,16, CUP
6666663,7,0801020000,15, CUP
6666662,7,0801020000,15, CUP
6666660,7,0801020000,16, CUP
621749,6,0801020124,16, UPI
620184,6,0801020124,16, UPI
625930,6,0801020124,16, UPI
621300,6,0801020250,16, UPI
621378,6,0801020250,16, UPI
625114,6,0801020250,16, UPI
622159,6,0801020276,16, UPI
621720,6,0801020276,19, UPI
625021,6,0801020276,16, UPI
625022,6,0801020276,16, UPI
625932,6,0801020276,16, UPI
621379,6,0801020276,19, UPI
620114,6,0801020276,19, UPI
620146,6,0801020276,19, UPI
622171,6,0801020360,16, UPI
621240,6,0801020360,19, UPI
621724,6,0801020360,19, UPI
625931,6,0801020360,16, UPI
621762,6,0801020360,19, UPI
625918,6,0801020360,16, UPI
625113,6,0801020380,16, UPI
621371,6,0801020380,16, UPI
620143,6,0801020380,16, UPI
601145,6,0826290840,16, DFS
601146,6,0826290840,16, DFS
601147,6,0826290840,16, DFS
601148,6,0826290840,16, DFS
601149,6,0826290840,16, DFS
601174,6,0826290840,16, DFS
60113989,8,0826290840,16, DFS
601178,6,0826290840,16, DFS
6011399,7,0826290840,16, DFS
601186,6,0826290840,16, DFS
601187,6,0826290840,16, DFS
601188,6,0826290840,16, DFS
601189,6,0826290840,16, DFS
60119,5,0826290840,16, DFS
644,3,0826290840,16, DFS
65,2,0826290840,16, DFS
6506,4,0826290840,16, DFS
6507,4,0826290840,16, DFS
6508,4,0826290840,16, DFS
601177,6,0826290840,16, DFS
601179,6,0826290840,16, DFS
6509,4,0826290840,16, DFS
621253,6,0826320446,19, UPI
621254,6,0826320446,19, UPI
621255,6,0826320446,19, UPI
625014,6,0826320446,16, UPI
625016,6,0826320446,16, UPI
622549,6,0826330398,16, UPI
625141,6,0825180446,16, UPI
625143,6,0825180446,16, UPI
621741,6,0825190344,19, UPI
623040,6,0825190344,16, UPI
620202,6,0825190344,16, UPI
620203,6,0825190344,16, UPI
621042,6,0825200344,19, UPI
625046,6,0825200344,16, UPI
625044,6,0825200344,16, UPI
625058,6,0825200344,16, UPI
621743,6,0825200344,19, UPI
623041,6,0825200344,16, UPI
620208,6,0825200344,16, UPI
620209,6,0825200344,16, UPI
621043,6,0825210344,19, UPI
625048,6,0825210344,16, UPI
625053,6,0825210344,16, UPI
625060,6,0825210344,16, UPI
621742,6,0825210344,19, UPI
623042,6,0825210344,16, UPI
620206,6,0825210344,16, UPI
620207,6,0825210344,16, UPI
622493,6,0825230344,16, UPI
625198,6,0825250446,16, UPI
625196,6,0825250446,16, UPI
622547,6,0825250446,19, UPI
622548,6,0825250446,19, UPI
622546,6,0825250446,19, UPI
625147,6,0825250446,16, UPI
620072,6,0825250446,19, UPI
620204,6,0825250446,16, UPI
620205,6,0825250446,16, UPI
621064,6,0825260344,16, UPI
622941,6,0825260344,16, UPI
622974,6,0825260344,16, UPI
621084,6,0825270446,16, UPI
622948,6,0825280344,16, UPI
621740,6,0825280344,16, UPI
622482,6,0825280344,16, UPI
622483,6,0825280344,16, UPI
622484,6,0825280344,16, UPI
620070,6,0825290344,16, UPI
620068,6,0825300344,16, UPI
620107,6,0825330344,16, UPI
622495,6,0826040344,16, UPI
622496,6,0826040344,16, UPI
620152,6,0826040344,16, UPI
620153,6,0826040344,16, UPI
622433,6,0826070702,16, UPI
622861,6,0826080446,16, UPI
622932,6,0826080446,16, UPI
622862,6,0826080446,16, UPI
622775,6,0826080446,16, UPI
622785,6,0826080446,16, UPI
622920,6,0826110392,16, UPI
622434,6,0826220446,19, UPI
622436,6,0826220446,19, UPI
622435,6,0826220446,19, UPI
621232,6,0826230446,19, UPI
622432,6,0826230446,19, UPI
621247,6,0826230446,19, UPI
60110,5,0826290840,16, DFS
601100,6,0826290840,16, DFS
601101,6,0826290840,16, DFS
60112,5,0826290840,16, DFS
60112010,8,0826290840,16, DFS
60112011,8,0826290840,16, DFS
60112012,8,0826290840,16, DFS
60112089,8,0826290840,16, DFS
601121,6,0826290840,16, DFS
601123,6,0826290840,16, DFS
601124,6,0826290840,16, DFS
601125,6,0826290840,16, DFS
601126,6,0826290840,16, DFS
601127,6,0826290840,16, DFS
601128,6,0826290840,16, DFS
6011290,7,0826290840,16, DFS
6011291,7,0826290840,16, DFS
6011292,7,0826290840,16, DFS
6011293,7,0826290840,16, DFS
60112013,8,0826290840,16, DFS
6011295,7,0826290840,16, DFS
601122,6,0826290840,16, DFS
6011297,7,0826290840,16, DFS
60112980,8,0826290840,16, DFS
60112981,8,0826290840,16, DFS
60112986,8,0826290840,16, DFS
60112987,8,0826290840,16, DFS
60112988,8,0826290840,16, DFS
60112989,8,0826290840,16, DFS
620039,6,0826630410,16, UPI
620103,6,0826630410,16, UPI
620106,6,0826630410,16, UPI
620120,6,0826630410,16, UPI
620123,6,0826630410,16, UPI
620125,6,0826630410,16, UPI
620220,6,0826630410,16, UPI
620278,6,0826630410,16, UPI
620812,6,0826630410,16, UPI
621006,6,0826630410,16, UPI
621011,6,0826630410,16, UPI
621012,6,0826630410,16, UPI
621020,6,0826630410,16, UPI
621023,6,0826630410,16, UPI
621025,6,0826630410,16, UPI
621027,6,0826630410,16, UPI
621031,6,0826630410,16, UPI
620132,6,0826630410,16, UPI
621039,6,0826630410,16, UPI
621078,6,0826630410,16, UPI
622550,6,0826330398,16, UPI
622354,6,0826350764,16, UPI
625017,6,0826470446,16, UPI
625018,6,0826470446,16, UPI
625019,6,0826470446,16, UPI
621224,6,0826530496,16, UPI
622954,6,0826530496,16, UPI
621295,6,0826550704,16, UPI
625124,6,0826550704,16, UPI
625154,6,0826550704,16, UPI
621049,6,0826620496,16, UPI
622444,6,0826620496,16, UPI
622414,6,0826620496,16, UPI
620011,6,0826630410,16, UPI
620027,6,0826630410,16, UPI
620031,6,0826630410,16, UPI
621526,6,0814473600,19, CUP
621036,6,0814486400,19, CUP
621536,6,0814486400,19, CUP
621458,6,0814486400,19, CUP
621065,6,0814498500,16, CUP
621517,6,0814498500,16, CUP
628289,6,0814498501,16, CUP
622477,6,0814505800,19, CUP
622509,6,0814505800,19, CUP
622510,6,0814505800,19, CUP
622302,6,0814505800,16, CUP
622362,6,0814505800,19, CUP
621018,6,0814505800,19, CUP
621518,6,0814505800,19, CUP
622976,6,0814511900,19, CUP
621533,6,0814511900,19, CUP
621362,6,0814511900,19, CUP
621033,6,0814526500,19, CUP
621099,6,0814526500,19, CUP
621530,6,0814526500,19, CUP
621457,6,0814526500,19, CUP
621459,6,0814526500,19, CUP
621061,6,0814538200,19, CUP
621520,6,0814538200,19, CUP
623065,6,0814538200,19, CUP
628332,6,0814538200,16, CUP
621449,6,0814540001,19, CUP
621026,6,0814542200,19, CUP
621073,6,0814561100,19, CUP
621228,6,0814572600,19, CUP
621557,6,0814572600,19, CUP
621361,6,0814595210,19, CUP
623033,6,0814595210,19, CUP
622891,6,0814603040,19, CUP
621363,6,0814603040,19, CUP
621056801,9,0815006518,19, CUP
622995,6,0815015363,16, CUP
6229756114,10,0815024521,19, CUP
6229756115,10,0815025371,19, CUP
62105913,8,0815033142,16, CUP
62105916,8,0815033161,16, CUP
62105915,8,0815036410,16, CUP
62105901,8,0815036512,16, CUP
62105900,8,0815036753,16, CUP
621053,6,0815044015,19, CUP
621260002,9,0815055411,19, CUP
621260001,9,0815055416,19, CUP
621092003,9,0815083333,19, CUP
621092002,9,0815083351,19, CUP
621092001,9,0815083362,19, CUP
621230,6,0815103352,19, CUP
621229,6,0815106919,19, CUP
621250004,9,0815111027,16, CUP
621250003,9,0815113961,16, CUP
621250001,9,0815115270,16, CUP
621250005,9,0815115893,16, CUP
621250002,9,0815116917,16, CUP
621241001,9,0815123181,19, CUP
622218,6,0815136900,16, CUP
628267,6,0815136900,16, CUP
621346003,9,0815142050,19, CUP
621346002,9,0815142080,19, CUP
621346001,9,0815145840,19, CUP
621326763,9,0815156030,18, CUP
621338001,9,0815173120,19, CUP
621353008,9,0815181123,19, CUP
621353002,9,0815183651,19, CUP
621353102,9,0815183651,19, CUP
621353005,9,0815183653,19, CUP
621353007,9,0815183687,19, CUP
621353003,9,0815183772,19, CUP
621353103,9,0815183772,19, CUP
621353001,9,0815185810,19, CUP
621353101,9,0815185810,19, CUP
621356014,9,0815193320,19, CUP
621356013,9,0815193322,19, CUP
621356016,9,0815193753,19, CUP
621356004,9,0815194737,19, CUP
621356007,9,0815195284,19, CUP
621356009,9,0815195287,19, CUP
621356008,9,0815195288,19, CUP
621356002,9,0815195321,19, CUP
621356001,9,0815195338,19, CUP
621356010,9,0815195375,19, CUP
621356011,9,0815195379,19, CUP
621347002,9,0815201000,16, CUP
621347005,9,0815203457,16, CUP
621347003,9,0815204280,16, CUP
621347001,9,0815205840,16, CUP
621347006,9,0815206900,16, CUP
621347007,9,0815206925,16, CUP
621350010,9,0815211000,19, CUP
621350431,9,0815212411,19, CUP
621350451,9,0815212625,19, CUP
621350001,9,0815212629,19, CUP
621350013,9,0815212652,19, CUP
621350005,9,0815212723,19, CUP
621350009,9,0815213063,19, CUP
621350004,9,0815214933,19, CUP
621350006,9,0815215352,19, CUP
621350007,9,0815215547,19, CUP
621350755,9,0815215840,19, CUP
621350017,9,0815216437,19, CUP
621350018,9,0815216935,19, CUP
621350943,9,0815218242,19, CUP
621392,6,0815265130,18, CUP
621399001,9,0815272900,16, CUP
621365001,9,0815283315,19, CUP
621481,6,0815301750,19, CUP
621623001,9,0815335840,19, CUP
621397001,9,0815343116,19, CUP
621627007,9,0815355810,19, CUP
621627003,9,0815356900,19, CUP
621627006,9,0815356926,19, CUP
621650002,9,0815386423,19, CUP
621650001,9,0815386424,19, CUP
62163103,8,0815402220,18, CUP
62163107,8,0815405150,18, CUP
62163101,8,0815405895,18, CUP
621653004,9,0815436900,19, CUP
621653005,9,0815436901,19, CUP
621653006,9,0815438720,19, CUP
62308299,8,0815446610,19, CUP
621355001,9,0815483052,16, CUP
621396,6,0815514550,16, CUP
621676001,9,0815535360,19, CUP
621676002,9,0815535367,19, CUP
621676003,9,0815535813,19, CUP
621681001,9,0815572210,18, CUP
621682101,9,0815584510,19, CUP
621682102,9,0815584513,19, CUP
621682106,9,0815584630,19, CUP
621682103,9,0815584631,19, CUP
621682105,9,0815584633,19, CUP
621682110,9,0815584710,19, CUP
621682111,9,0815584712,19, CUP
621682109,9,0815584713,19, CUP
621682108,9,0815584715,19, CUP
621682107,9,0815584770,19, CUP
621682202,9,0815585511,19, CUP
621682201,9,0815585514,19, CUP
621682203,9,0815585525,19, CUP
621682205,9,0815585541,19, CUP
621682209,9,0815585583,19, CUP
621682208,9,0815585584,19, CUP
621682210,9,0815585586,19, CUP
621682213,9,0815585591,19, CUP
621682211,9,0815585623,19, CUP
621682212,9,0815585624,19, CUP
621682207,9,0815585634,19, CUP
621682206,9,0815585635,19, CUP
621682302,9,0815587317,19, CUP
621682307,9,0815587432,19, CUP
621682306,9,0815587433,19, CUP
621682311,9,0815587580,19, CUP
622372,6,0825020344,16, UPI
622365,6,0825020344,17, UPI
622471,6,0825020344,16, UPI
622943,6,0825020344,19, UPI
622472,6,0825020344,16, UPI
621411,6,0825020446,19, UPI
622371,6,0825030344,16, UPI
625091,6,0825030344,16, UPI
622293,6,0825040344,16, UPI
622295,6,0825040344,16, UPI
622296,6,0825040344,16, UPI
622297,6,0825040344,16, UPI
622373,6,0825040344,16, UPI
622375,6,0825040344,17, UPI
622451,6,0825040344,16, UPI
622294,6,0825040344,16, UPI
625940,6,0825040344,16, UPI
622489,6,0825040344,17, UPI
622871,6,0825060344,16, UPI
622958,6,0825060344,16, UPI
622963,6,0825060344,16, UPI
622957,6,0825060344,16, UPI
622798,6,0825060344,16, UPI
625010,6,0825060344,16, UPI
622381,6,0825070344,16, UPI
622675,6,0825070344,16, UPI
622676,6,0825070344,16, UPI
622677,6,0825070344,16, UPI
622382,6,0825070344,16, UPI
621487,6,0825070344,16, UPI
621083,6,0825070344,16, UPI
622487,6,0825080344,16, UPI
622487,6,0825080344,17, UPI
622490,6,0825080344,16, UPI
622490,6,0825080344,17, UPI
622491,6,0825080344,16, UPI
622491,6,0825080344,17, UPI
622492,6,0825080344,16, UPI
622492,6,0825080344,17, UPI
621744,6,0825080344,17, UPI
621745,6,0825080344,17, UPI
621746,6,0825080344,17, UPI
621747,6,0825080344,17, UPI
621034,6,0825090344,16, UPI
622386,6,0825090344,16, UPI
622952,6,0825090344,16, UPI
622387,6,0825100344,16, UPI
622423,6,0825100344,16, UPI
622971,6,0825100344,17, UPI
622970,6,0825100344,17, UPI
625062,6,0825100344,16, UPI
625063,6,0825100344,16, UPI
622360,6,0825120344,16, UPI
622361,6,0825120344,16, UPI
625034,6,0825120344,16, UPI
625096,6,0825120344,16, UPI
625098,6,0825120344,16, UPI
622406,6,0825130344,17, UPI
622407,6,0825130344,19, UPI
621442,6,0825130344,17, UPI
621443,6,0825130344,19, UPI
625026,6,0825140344,16, UPI
625024,6,0825140344,16, UPI
622376,6,0825140344,16, UPI
622378,6,0825140344,16, UPI
622377,6,0825140344,16, UPI
625092,6,0825140344,16, UPI
622453,6,0825160344,16, UPI
622456,6,0825160344,16, UPI
622459,6,0825160344,17, UPI
622272,6,0825170344,16, UPI
622463,6,0825170344,19, UPI
621087,6,0825170344,19, UPI
625008,6,0825170344,16, UPI
625009,6,0825170344,16, UPI
625055,6,0825180344,16, UPI
625040,6,0825180344,16, UPI
625042,6,0825180344,16, UPI
621492,6,0803030000,16, CUP
622345,6,0814226510,19, CUP
601131,6,0826290840,16, DFS
601136,6,0826290840,16, DFS
601137,6,0826290840,16, DFS
601138,6,0826290840,16, DFS
6011390,7,0826290840,16, DFS
60112995,8,0826290840,16, DFS
6011392,7,0826290840,16, DFS
6011393,7,0826290840,16, DFS
60113940,8,0826290840,16, DFS
60113941,8,0826290840,16, DFS
60113943,8,0826290840,16, DFS
60113944,8,0826290840,16, DFS
60113945,8,0826290840,16, DFS
60113946,8,0826290840,16, DFS
60113984,8,0826290840,16, DFS
60113985,8,0826290840,16, DFS
60113986,8,0826290840,16, DFS
60113988,8,0826290840,16, DFS
60112994,8,0826290840,16, DFS
6011391,7,0826290840,16, DFS
60114,5,0826290840,16, DFS
601140,6,0826290840,16, DFS
601142,6,0826290840,16, DFS
601143,6,0826290840,16, DFS
601144,6,0826290840,16, DFS
36,2,0899999903,19, DNC
649999,6,0826290840,16, DFS
1,1,0864233311,16, CUP
30,2,0864233311,16, CUP
51000,5,0864233311,16, CUP
621220,6,0826630410,16, UPI
622682,6,0814394200,19, CUP
622683,6,0814394200,19, CUP
622991,6,0814404900,18, CUP
621585,6,0814404900,18, CUP
623013,6,0814404900,18, CUP
621021,6,0814411200,19, CUP
622358,6,0814411200,19, CUP
623025,6,0814411200,19, CUP
622506,6,0814427900,19, CUP
621566,6,0814427900,19, CUP
623027,6,0814427900,19, CUP
623028,6,0814427900,19, CUP
622992,6,0814436100,19, CUP
621008,6,0814448800,16, CUP
621525,6,0814448800,16, CUP
622935,6,0814452400,19, CUP
621531,6,0814452400,19, CUP
623181,6,0814452402,19, CUP
622947,6,0814468700,19, CUP
621561,6,0814468700,19, CUP
623095,6,0814468700,19, CUP
622953,6,0814473600,19, CUP
622428,6,0804368710,16, CUP
621529,6,0804368710,19, CUP
622429,6,0804368710,19, CUP
621417,6,0804368719,19, CUP
623089,6,0804368719,19, CUP
623200,6,0804368719,19, CUP
622959,6,0805755200,19, CUP
621270,6,0805755200,18, CUP
622396,6,0805755200,17, CUP
622511,6,0805755200,17, CUP
623076,6,0805755201,19, CUP
621391,6,0805767700,19, CUP
621339,6,0805778981,19, CUP
621469,6,0805785800,19, CUP
621625,6,0805785800,19, CUP
621601,6,0805795020,19, CUP
621655,6,0805803320,19, CUP
222221,6,0804022900,16, CUP
222220,6,0804022900,16, CUP
493468,6,0899999907,16, VIS
29200100,8,0849912623,19, PRP
29000100,8,0849912623,19, PRP
405106,6,0899999907,16, VIS
622363,6,0804375850,19, CUP
621636,6,0805818200,19, CUP
623087,6,0805824540,19, CUP
627069,6,0806105840,16, CUP
627068,6,0806105840,16, CUP
627066,6,0806105840,16, CUP
627067,6,0806105840,16, CUP
622955,6,0804172210,16, CUP
622478,6,0814012900,16, CUP
940013,6,0814012900,16, CUP
621495,6,0814012900,16, CUP
622443,6,0814023052,19, CUP
940029,6,0814023052,19, CUP
622462,6,0814030001,16, CUP
628272,6,0814030001,16, CUP
625101,6,0814030001,16, CUP
603694,6,0814033055,19, CUP
622323,6,0814033055,19, CUP
9400301,7,0814033055,19, CUP
622128,6,0814045840,16, CUP
622129,6,0814045840,16, CUP
623035,6,0814045840,16, CUP
909810,6,0814055810,18, CUP
940035,6,0814055810,18, CUP
621522,6,0814055810,18, CUP
622439,6,0814055810,18, CUP
622271,6,0814075882,18, CUP
940037,6,0814075882,18, CUP
940038,6,0814085883,16, CUP
985262,6,0814085883,16, CUP
622322,6,0814085883,16, CUP
621017,6,0814097310,19, CUP
622369,6,0814097310,16, CUP
940042,6,0814097310,18, CUP
622412,6,0814105200,16, CUP
621523,6,0814105200,16, CUP
623055,6,0814105200,16, CUP
621013,6,0814105200,16, CUP
940044,6,0814105210,17, CUP
622312,6,0814113030,16, CUP
628381,6,0814123020,16, CUP
622481,6,0814123020,16, CUP
622341,6,0814123022,16, CUP
940058,6,0814123022,16, CUP
622867,6,0814136530,16, CUP
622885,6,0814136530,16, CUP
940020,6,0814136530,16, CUP
621258,6,0814136900,16, CUP
621528,6,0814136900,16, CUP
621465,6,0814136900,16, CUP
900105,6,0814144500,16, CUP
900205,6,0814144500,16, CUP
622319,6,0814144500,16, CUP
621521,6,0814144500,16, CUP
621690,6,0814144500,16, CUP
62231902,8,0814144520,16, CUP
90010502,8,0814144520,16, CUP
90020502,8,0814144520,16, CUP
622328,6,0814156020,19, CUP
940062,6,0814156020,19, CUP
622356,6,0826790422,16, UPI
60112990,8,0826290840,16, DFS
60112991,8,0826290840,16, DFS
60112992,8,0826290840,16, DFS
60112993,8,0826290840,16, DFS
6011294,7,0826290840,16, DFS
6011296,7,0826290840,16, DFS
60112996,8,0826290840,16, DFS
60112997,8,0826290840,16, DFS
60113,5,0826290840,16, DFS
6011300,7,0826290840,16, DFS
60113080,8,0826290840,16, DFS
60113081,8,0826290840,16, DFS
940048,6,0804375850,19, CUP
622311,6,0804384530,17, CUP
940057,6,0804384530,17, CUP
622990,6,0804392270,17, CUP
940003,6,0804392270,17, CUP
622877,6,0804403600,19, CUP
622879,6,0804403600,19, CUP
603601,6,0804403610,17, CUP
622137,6,0804403620,17, CUP
622327,6,0804403650,17, CUP
622340,6,0804403660,17, CUP
622366,6,0804403680,17, CUP
9896,4,0804416530,16, CUP
622134,6,0804416530,16, CUP
940018,6,0804416530,16, CUP
623016,6,0804416900,16, CUP
623096,6,0804416900,19, CUP
621577,6,0804422610,19, CUP
940049,6,0804422610,18, CUP
622425,6,0804422610,19, CUP
622425,6,0804422610,17, CUP
622133,6,0804437010,19, CUP
888,3,0804437010,16, CUP
621735,6,0804437010,19, CUP
622136,6,0804447910,18, CUP
622981,6,0804447910,18, CUP
60326500,8,0804453020,16, CUP
60326513,8,0804453020,18, CUP
622485,6,0804453020,18, CUP
622415,6,0804462260,16, CUP
940060,6,0804462260,16, CUP
623098,6,0804462262,19, CUP
622139,6,0804478210,16, CUP
940040,6,0804478210,16, CUP
621242,6,0804478210,19, CUP
621538,6,0804478210,19, CUP
621496,6,0804478210,19, CUP
621269,6,0804484210,16, CUP
622275,6,0804484210,16, CUP
940006,6,0804484210,17, CUP
621216,6,0804491610,19, CUP
622465,6,0804491610,17, CUP
940031,6,0804491610,17, CUP
621252,6,0804504520,16, CUP
622146,6,0804504520,16, CUP
940061,6,0804504520,16, CUP
621419,6,0804504520,19, CUP
623170,6,0804504520,19, CUP
622440,6,0804512420,16, CUP
940047,6,0804512420,16, CUP
69580,5,0804523060,18, CUP
940017,6,0804523060,18, CUP
622418,6,0804523060,16, CUP
622307,6,0804544240,19, CUP
622162,6,0804544240,19, CUP
622413,6,0804562230,16, CUP
940002,6,0804562230,16, CUP
62249802,8,0804571260,19, CUP
94004602,8,0804571260,19, CUP
621237,6,0804571260,19, CUP
623003,6,0804571261,19, CUP
622310,6,0804588510,17, CUP
940068,6,0804588510,17, CUP
622321,6,0804593450,16, CUP
625001,6,0804593450,16, CUP
622427,6,0804593451,16, CUP
940069,6,0804593451,17, CUP
623039,6,0804593451,19, CUP
628273,6,0804593451,16, CUP
940070,6,0804603110,16, CUP
694301,6,0804615510,18, CUP
940071,6,0804615510,19, CUP
622368,6,0804615510,19, CUP
621446,6,0804615510,19, CUP
625901,6,0804615511,16, CUP
622898,6,0804615511,16, CUP
622900,6,0804615511,16, CUP
628281,6,0804615511,16, CUP
628282,6,0804615511,16, CUP
622806,6,0804615511,16, CUP
628283,6,0804615511,16, CUP
620519,6,0804615511,19, CUP
622967,6,0804634280,19, CUP
940073,6,0804634280,19, CUP
622370,6,0804643970,19, CUP
683970,6,0804643970,18, CUP
940074,6,0804643970,18, CUP
621437,6,0804643970,19, CUP
628319,6,0804643970,16, CUP
622400,6,0804652280,17, CUP
990871,6,0804667310,18, CUP
622308,6,0804667310,17, CUP
621415,6,0804667310,19, CUP
622126,6,0804672290,18, CUP
623166,6,0804672299,18, CUP
622132,6,0804703350,16, CUP
621340,6,0804721460,16, CUP
621341,6,0804721460,16, CUP
622140,6,0804721460,16, CUP
622141,6,0804733450,16, CUP
622147,6,0804741910,19, CUP
621633,6,0804741910,19, CUP
622301,6,0804753360,19, CUP
621266,6,0804761430,19, CUP
62249804,8,0804761430,19, CUP
94004604,8,0804761430,19, CUP
621422,6,0804761431,19, CUP
622335,6,0804786110,16, CUP
622336,6,0804791920,17, CUP
622165,6,0804791921,16, CUP
622315,6,0804791921,16, CUP
625950,6,0804791921,16, CUP
628295,6,0804791921,16, CUP
621760,6,0804791922,17, CUP
622337,6,0804803070,16, CUP
622411,6,0804814650,16, CUP
623102,6,0804814659,16, CUP
622342,6,0804836560,19, CUP
622367,6,0804856590,19, CUP
622395,6,0804871620,19, CUP
622441,6,0804885050,16, CUP
622448,6,0804895910,16, CUP
622982,6,0804901380,19, CUP
621413,6,0804901381,19, CUP
622856,6,0804916170,17, CUP
621037,6,0804922600,19, CUP
621097,6,0804922600,19, CUP
621588,6,0804922600,19, CUP
62321601,8,0804922600,19, CUP
622860,6,0804922690,16, CUP
622870,6,0804933120,16, CUP
622866,6,0804943030,16, CUP
622292,6,0804956140,18, CUP
622880,6,0804956140,16, CUP
622881,6,0804956140,16, CUP
622291,6,0804956140,18, CUP
621412,6,0804956140,18, CUP
622897,6,0804966730,19, CUP
628279,6,0804974634,16, CUP
622864,6,0804974634,16, CUP
621403,6,0804974790,19, CUP
622561,6,0804986580,19, CUP
622562,6,0804986580,19, CUP
622563,6,0804986580,19, CUP
622167,6,0804991240,19, CUP
622508,6,0805007020,16, CUP
622777,6,0805027360,16, CUP
621497,6,0805027361,16, CUP
622532,6,0805031680,19, CUP
622888,6,0805056020,16, CUP
628398,6,0805056020,16, CUP
622868,6,0805063330,16, CUP
622899,6,0805063330,16, CUP
628255,6,0805063330,16, CUP
622566,6,0805075210,16, CUP
622567,6,0805075210,16, CUP
622625,6,0805075210,16, CUP
622626,6,0805075210,16, CUP
625946,6,0805075210,16, CUP
628200,6,0805075210,16, CUP
621076,6,0805083000,19, CUP
504923,6,0805083000,16, CUP
622173,6,0805083000,19, CUP
622422,6,0805083000,16, CUP
622447,6,0805083000,16, CUP
622131,6,0805083000,19, CUP
940076,6,0805083000,16, CUP
621579,6,0805083000,19, CUP
622876,6,0805083000,19, CUP
531659,6,0805105840,16, CUP
622157,6,0805105840,16, CUP
528020,6,0805105840,16, CUP
622155,6,0805105840,16, CUP
622156,6,0805105840,16, CUP
526855,6,0805105840,16, CUP
356869,6,0805105840,16, CUP
356868,6,0805105840,16, CUP
625360,6,0805105840,16, CUP
625361,6,0805105840,16, CUP
628296,6,0805105840,16, CUP
622962,6,0805121660,17, CUP
622936,6,0805131410,19, CUP
622937,6,0805154680,19, CUP
621460,6,0805167030,19, CUP
622939,6,0805167030,17, CUP
622960,6,0805171270,18, CUP
621591,6,0805197110,16, CUP
622961,6,0805197117,16, CUP
628210,6,0805213000,16, CUP
622283,6,0805213000,16, CUP
625902,6,0805213000,16, CUP
621010,6,0805238333,16, CUP
622980,6,0805247410,19, CUP
621726,6,0805253450,19, CUP
621088,6,0805253450,19, CUP
620517,6,0805253450,19, CUP
622740,6,0805253454,16, CUP
625036,6,0805253454,16, CUP
621014,6,0805264330,16, CUP
621004,6,0805274550,18, CUP
622972,6,0805284630,19, CUP
623196,6,0805284630,19, CUP
621028,6,0805303380,16, CUP
628250,6,0805303387,16, CUP
622973,6,0805311930,19, CUP
621070,6,0805326560,19, CUP
622977,6,0805332740,19, CUP
622978,6,0805342050,19, CUP
628253,6,0805342050,16, CUP
622979,6,0805354970,19, CUP
621035,6,0805365030,19, CUP
621200,6,0805374610,19, CUP
621038,6,0805392330,19, CUP
621086,6,0805406650,19, CUP
621296,6,0805417900,19, CUP
621448,6,0805417900,19, CUP
621044,6,0805417930,19, CUP
622945,6,0805426900,16, CUP
621755,6,0805426900,16, CUP
622940,6,0805438720,19, CUP
628355,6,0805438729,16, CUP
621089,6,0805442320,19, CUP
621029,6,0805478820,19, CUP
621766,6,0805478820,19, CUP
621071,6,0805484950,19, CUP
621074,6,0805492340,19, CUP
623030,6,0805492341,19, CUP
621345,6,0805503320,18, CUP
621090,6,0805516620,19, CUP
621091,6,0805521340,19, CUP
621238,6,0805541310,19, CUP
621057,6,0805556840,19, CUP
621075,6,0805565040,19, CUP
623037,6,0805565040,19, CUP
621233,6,0805576750,19, CUP
621235,6,0805584980,18, CUP
621223,6,0805591750,19, CUP
621780,6,0805591750,19, CUP
621221,6,0805605110,19, CUP
621239,6,0805611480,19, CUP
623068,6,0805611481,19, CUP
621271,6,0805625080,19, CUP
621272,6,0805631650,16, CUP
621738,6,0805631650,16, CUP
621273,6,0805646710,19, CUP
621263,6,0805658880,18, CUP
621325,6,0805666770,19, CUP
621337,6,0805675060,19, CUP
621327,6,0805684960,19, CUP
621753,6,0805695150,19, CUP
621366,6,0805705500,19, CUP
621388,6,0805705500,19, CUP
621348,6,0805722280,19, CUP
621359,6,0805734220,18, CUP
621217,6,0805755200,18, CUP
622452,6,0814243000,19, CUP
622324,6,0814243000,19, CUP
621578,6,0814243000,19, CUP
623066,6,0814243001,19, CUP
622470,6,0814255890,19, CUP
622648,6,0814283054,16, CUP
628248,6,0814283054,16, CUP
622488,6,0814283054,16, CUP
622288,6,0814293300,16, CUP
622858,6,0814293300,19, CUP
621058,6,0814293300,19, CUP
621527,6,0814293300,19, CUP
628280,6,0814293300,16, CUP
623091,6,0814293300,19, CUP
622855,6,0814303050,19, CUP
621461,6,0814303050,19, CUP
622859,6,0814315850,19, CUP
622869,6,0814333051,19, CUP
622882,6,0814341770,19, CUP
622893,6,0814367000,19, CUP
621590,6,0814367000,19, CUP
622895,6,0814373020,16, CUP
623125,6,0814373020,16, CUP
622169,6,0814385500,19, CUP
621519,6,0814385500,19, CUP
621539,6,0814385500,19, CUP
623090,6,0814385500,19, CUP
622681,6,0814394200,19, CUP
60113089,8,0826290840,16, DFS
521481,6,0804203450,19, CUP
521482,6,0804223450,19, CUP
521483,6,0804363450,19, CUP
521484,6,0804593450,19, CUP
521485,6,0805063450,19, CUP
521486,6,0804613450,19, CUP
521487,6,0814223450,19, CUP
521488,6,0815353450,19, CUP
521489,6,0864133450,19, CUP
521410,6,0803323450,19, CUP
521411,6,0814203450,19, CUP
521412,6,0814493450,19, CUP
521413,6,0864583450,19, CUP
521414,6,0804283450,19, CUP
521415,6,0804273450,19, CUP
521416,6,0814293450,19, CUP
521417,6,0864733450,19, CUP
521418,6,0865703450,19, CUP
521419,6,0804743450,19, CUP
400552,6,0899999907,16, VIS
625003,6,0826630410,16, UPI
621003,6,0826630410,16, UPI
625011,6,0826630410,16, UPI
625012,6,0826630410,16, UPI
625020,6,0826630410,16, UPI
625023,6,0826630410,16, UPI
625025,6,0826630410,16, UPI
625027,6,0826630410,16, UPI
625031,6,0826630410,16, UPI
621032,6,0826630410,16, UPI
625039,6,0826630410,16, UPI
625078,6,0826630410,16, UPI
625079,6,0826630410,16, UPI
625103,6,0826630410,16, UPI
625106,6,0826630410,16, UPI
625006,6,0826630410,16, UPI
625112,6,0826630410,16, UPI
625120,6,0826630410,16, UPI
625123,6,0826630410,16, UPI
625125,6,0826630410,16, UPI
625127,6,0826630410,16, UPI
625131,6,0826630410,16, UPI
625032,6,0826630410,16, UPI
625139,6,0826630410,16, UPI
625178,6,0826630410,16, UPI
625179,6,0826630410,16, UPI
625220,6,0826630410,16, UPI
625320,6,0826630410,16, UPI
625111,6,0826630410,16, UPI
625132,6,0826630410,16, UPI
625244,6,0826630410,16, UPI
625243,6,0826630410,16, UPI
621484,6,0826630410,16, UPI
621640,6,0826630410,16, UPI
621040,6,0826690643,16, UPI
621045,6,0826700860,16, UPI
621264,6,0826780643,16, UPI
621234,6,0826790422,16, UPI
622145,6,0826930608,16, UPI
625013,6,0826930608,16, UPI
622130,6,0827090392,16, UPI
621257,6,0827130096,16, UPI
621055,6,0827200704,16, UPI
620009,6,0827200704,16, UPI
625002,6,0827200704,16, UPI
625033,6,0827240608,16, UPI
625035,6,0827240608,16, UPI
625007,6,0827250608,16, UPI
620015,6,0827520702,16, UPI
620024,6,0827550031,16, UPI
625004,6,0827550031,16, UPI
621344,6,0827550031,19, UPI
621349,6,0827650860,16, UPI
620108,6,0827670643,16, UPI
621354,6,0827710418,16, UPI
621274,6,0827860446,19, UPI
621324,6,0827860446,19, UPI
620532,6,0828020446,16, UPI
620126,6,0828020446,19, UPI
620537,6,0828020446,19, UPI
625904,6,0828030410,16, UPI
621645,6,0828040586,16, UPI
625104,6,0828450643,16, UPI
621647,6,0828450643,16, UPI
621642,6,0828530496,16, UPI
621654,6,0828550764,16, UPI
625804,6,0828590410,16, UPI
625814,6,0828660410,16, UPI
625817,6,0828660410,16, UPI
620079,6,0828790784,16, UPI
620091,6,0828790784,16, UPI
620105,6,0828880840,16, UPI
622164,6,0828880840,16, UPI
621657,6,0828990586,16, UPI
623024,6,0829010410,16, UPI
625840,6,0829010410,16, UPI
625841,6,0829010410,16, UPI
621694,6,0829120496,16, UPI
620129,6,0829170480,16, UPI
621301,6,0829230268,16, UPI
622346,6,0847980344,16, UPI
622347,6,0847980344,16, UPI
622348,6,0847980344,16, UPI
622349,6,0847980344,16, UPI
622350,6,0847980344,16, UPI
622352,6,0847980344,16, UPI
622353,6,0847980344,16, UPI
622355,6,0847980344,16, UPI
621041,6,0847980344,19, UPI
622351,6,0847980344,16, UPI
620048,6,0848080000,16, CUP
620515,6,0848080000,16, CUP
920000,6,0848080000,16, CUP
921000,6,0848080001,19, CUP
620038,6,0848100000,19, CUP
622812,6,0861000000,16, CUP
622810,6,0861000000,16, CUP
622811,6,0861000000,16, CUP
628310,6,0861000000,16, CUP
625919,6,0861000000,16, CUP
376968,6,0863020000,15, CUP
376969,6,0863020000,15, CUP
400360,6,0863020000,16, CUP
403391,6,0863020000,16, CUP
403392,6,0863020000,16, CUP
376966,6,0863020000,15, CUP
404158,6,0863020000,16, CUP
404159,6,0863020000,16, CUP
404171,6,0863020000,16, CUP
404172,6,0863020000,16, CUP
404173,6,0863020000,16, CUP
404174,6,0863020000,16, CUP
404157,6,0863020000,16, CUP
433667,6,0863020000,16, CUP
433668,6,0863020000,16, CUP
433669,6,0863020000,16, CUP
514906,6,0863020000,16, CUP
403393,6,0863020000,16, CUP
520108,6,0863020000,16, CUP
433666,6,0863020000,16, CUP
558916,6,0863020000,16, CUP
622678,6,0863020000,16, CUP
622679,6,0863020000,16, CUP
622680,6,0863020000,16, CUP
622688,6,0863020000,16, CUP
622689,6,0863020000,16, CUP
628206,6,0863020000,16, CUP
556617,6,0863020000,16, CUP
628209,6,0863020000,16, CUP
518212,6,0863020000,16, CUP
628208,6,0863020000,16, CUP
356390,6,0863020000,16, CUP
356391,6,0863020000,16, CUP
356392,6,0863020000,16, CUP
622918,6,0863020000,16, CUP
622919,6,0863020000,16, CUP
622916,6,0863020000,16, CUP
622657,6,0863030000,16, CUP
622685,6,0863030000,16, CUP
622659,6,0863030000,16, CUP
622687,6,0863030000,16, CUP
625978,6,0863030000,16, CUP
625980,6,0863030000,16, CUP
625981,6,0863030000,16, CUP
625979,6,0863030000,16, CUP
356839,6,0863030000,16, CUP
356840,6,0863030000,16, CUP
406252,6,0863030000,16, CUP
406254,6,0863030000,16, CUP
425862,6,0863030000,16, CUP
481699,6,0863030000,16, CUP
524090,6,0863030000,16, CUP
543159,6,0863030000,16, CUP
622161,6,0863030000,16, CUP
622570,6,0863030000,16, CUP
622650,6,0863030000,16, CUP
622655,6,0863030000,16, CUP
622658,6,0863030000,16, CUP
625975,6,0863030000,16, CUP
625977,6,0863030000,16, CUP
628201,6,0863030000,16, CUP
628202,6,0863030000,16, CUP
625976,6,0863030000,16, CUP
625339,6,0863030000,16, CUP
523959,6,0863040000,16, CUP
528709,6,0863040000,16, CUP
539867,6,0863040000,16, CUP
539868,6,0863040000,16, CUP
622637,6,0863040000,16, CUP
622638,6,0863040000,16, CUP
628318,6,0863040000,16, CUP
528708,6,0863040000,16, CUP
622636,6,0863040000,16, CUP
625967,6,0863040000,16, CUP
625968,6,0863040000,16, CUP
625969,6,0863040000,16, CUP
625971,6,0863100000,16, CUP
625970,6,0863100000,16, CUP
377187,6,0863100000,15, CUP
622265,6,0863200000,16, CUP
622266,6,0863200000,16, CUP
625972,6,0863200000,16, CUP
625973,6,0863200000,16, CUP
625093,6,0863320000,16, CUP
625095,6,0863320000,16, CUP
522001,6,0864031000,16, CUP
622163,6,0864031000,16, CUP
622853,6,0864031000,16, CUP
628203,6,0864031000,16, CUP
622851,6,0864031000,16, CUP
622852,6,0864031000,16, CUP
625903,6,0864083300,16, CUP
622778,6,0864083320,16, CUP
628207,6,0864083320,16, CUP
628379,6,0864094510,16, CUP
628367,6,0864135810,16, CUP
625050,6,0864135810,16, CUP
628333,6,0864162640,16, CUP
4002711011,10,0899999907,16, VIS
622921,6,0864221210,16, CUP
628321,6,0864221210,16, CUP
621777,6,0864243010,16, CUP
628228,6,0864296510,16, CUP
622813,6,0864296510,16, CUP
622818,6,0864296510,16, CUP
628359,6,0864314730,16, CUP
628270,6,0864375850,16, CUP
628311,6,0864384530,16, CUP
628261,6,0864392270,16, CUP
628251,6,0864403600,16, CUP
621775,6,0864403600,19, CUP
622651,6,0864403600,16, CUP
623203,6,0864403600,19, CUP
625828,6,0864403600,16, CUP
622613,6,0864416910,16, CUP
628220,6,0864416910,16, CUP
622809,6,0864422610,16, CUP
628224,6,0864422610,16, CUP
625577,6,0864422610,16, CUP
621752,6,0864422611,19, CUP
628213,6,0864437010,16, CUP
628263,6,0864478210,16, CUP
628305,6,0864484210,16, CUP
628239,6,0864504520,16, CUP
623061,6,0804213310,18, CUP
621316001,9,0815464520,16, CUP
621682002,9,0815581000,19, CUP
621682003,9,0815585840,19, CUP
628238,6,0864544240,16, CUP
628257,6,0864554770,16, CUP
622817,6,0864588510,16, CUP
628287,6,0864588510,16, CUP
625959,6,0864588510,16, CUP
62536601,8,0864588510,16, CUP
628391,6,0864624580,16, CUP
628233,6,0864634280,16, CUP
628231,6,0864667310,16, CUP
628275,6,0864733450,16, CUP
622565,6,0864733450,16, CUP
622287,6,0864733450,16, CUP
622717,6,0864733450,16, CUP
628252,6,0864741910,16, CUP
628306,6,0864753360,16, CUP
628227,6,0864786110,16, CUP
623001,6,0864786110,16, CUP
628234,6,0864814650,16, CUP
621727,6,0864895910,19, CUP
628237,6,0864895919,16, CUP
628219,6,0864916170,16, CUP
621456,6,0864916170,17, CUP
621562,6,0864916170,19, CUP
622270,6,0864922690,16, CUP
628368,6,0864922690,16, CUP
625588,6,0864922690,16, CUP
625090,6,0864922690,16, CUP
628293,6,0864956140,16, CUP
622611,6,0865012900,16, CUP
622722,6,0865012900,16, CUP
628211,6,0865012900,16, CUP
625500,6,0865012900,16, CUP
625989,6,0865012900,16, CUP
625080,6,0865055810,16, CUP
628235,6,0865055810,16, CUP
628322,6,0865085883,16, CUP
625088,6,0865085883,16, CUP
622469,6,0865097300,16, CUP
628307,6,0865097300,16, CUP
628229,6,0865131410,16, CUP
628397,6,0865154680,16, CUP
628232,6,0865173900,16, CUP
622802,6,0865173900,16, CUP
622290,6,0865173900,16, CUP
622829,6,0865191100,16, CUP
628301,6,0865191100,16, CUP
622808,6,0865226510,16, CUP
628308,6,0865226510,16, CUP
623088,6,0865226510,19, CUP
622815,6,0865243000,16, CUP
622816,6,0865243000,16, CUP
628226,6,0865243000,16, CUP
628223,6,0865264330,16, CUP
621416,6,0865264331,16, CUP
628217,6,0865274550,16, CUP
628382,6,0865341770,16, CUP
625839,6,0804202902,16, CUP
621739,6,0804615511,19, CUP
625823,6,0805105840,16, CUP
625825,6,0805105840,16, CUP
625158,6,0865341770,16, CUP
628369,6,0865373020,16, CUP
622569,6,0865373020,16, CUP
622906,6,0865385500,16, CUP
628386,6,0865385500,16, CUP
625519,6,0865385500,16, CUP
625506,6,0865385500,16, CUP
621592,6,0865394200,16, CUP
628392,6,0865394200,16, CUP
623092,6,0865394200,16, CUP
621778,6,0865473600,19, CUP
620528,6,0865541310,19, CUP
621748,6,0865675060,19, CUP
628271,6,0865675061,16, CUP
628328,6,0865705500,16, CUP
622790,6,0899900702,16, UPI
625350,6,0804012902,16, CUP
625351,6,0804012902,16, CUP
625352,6,0804012902,16, CUP
62536602,8,0804922600,16, CUP
623072,6,0804966730,19, CUP
625988,6,0805063330,16, CUP
623060,6,0805131419,19, CUP
621696,6,0805832250,19, CUP
621356015,9,0815193754,19, CUP
621356005,9,0815194588,19, CUP
621356018,9,0815194616,19, CUP
621356006,9,0815194689,19, CUP
621455,6,0804375850,19, CUP
622873,6,0805083000,19, CUP
623506,6,0803060000,19, CUP
623153,6,0805311930,19, CUP
628339,6,0805484959,16, CUP
623190,6,0814097310,19, CUP
623510,6,0814616410,19, CUP
621635111,9,0815366264,19, CUP
621635013,9,0815366310,19, CUP
621635113,9,0815366310,19, CUP
621635106,9,0815369028,19, CUP
62163118,8,0815404960,18, CUP
621628660,9,0815455880,19, CUP
621697793,9,0815641442,18, CUP
621697873,9,0815643621,18, CUP
623336,6,0829830398,16, UPI
623337,6,0829830398,16, UPI
623338,6,0829830398,16, UPI
624323,6,0829830398,16, UPI
621356003,9,0815194752,19, CUP
621356012,9,0815195377,19, CUP
621350019,9,0815216900,19, CUP
625136,6,0825190344,16, UPI
623300,6,0829460180,16, UPI
435744,6,0803070000,16, CUP
435745,6,0803070000,16, CUP
483536,6,0803070000,16, CUP
622525,6,0803070000,16, CUP
622526,6,0803070000,16, CUP
998801,6,0803070000,16, CUP
998802,6,0803070000,16, CUP
412963,6,0803070010,16, CUP
415752,6,0803070010,16, CUP
415753,6,0803070010,16, CUP
622535,6,0803070010,16, CUP
622536,6,0803070010,16, CUP
622538,6,0803070010,16, CUP
622539,6,0803070010,16, CUP
998800,6,0803070010,16, CUP
412962,6,0803070010,16, CUP
622983,6,0803070010,16, CUP
620010,6,0803070010,16, CUP
4,1,0899999907,16, VIS
51,2,0899999906,16, MCC
52,2,0899999906,16, MCC
53,2,0899999906,16, MCC
54,2,0899999906,16, MCC
55,2,0899999906,16, MCC
35,2,0899999905,16, JCB
34,2,0899999904,15, AME
37,2,0899999904,15, AME
30,2,0899999903,14, DNC
36,2,0899999903,14, DNC
38,2,0899999903,14, DNC
904477,6,0844772900,16, PRP
908877,6,0844772900,19, PRP
